unit,part,dual,period_ns,aperiod_ns,volt,depth,maxout,rows_if,npw,nps,axi_dw,lut,lutram,ff,dsp,bram,uram,wns_all,wns_core,fmax_core_mhz,wns_axi,fmax_axi_mhz
async_fifo,xcvu33p-fsvh2104-2L-e,1,3.3,3.333,0.717,256,16,48,24,3,256,212,148,80,0,4,0,0.733,0.733,389.56,1.484,540.83
async_fifo,xcvu33p-fsvh2104-2L-e,1,3.3,3.333,0.717,512,16,48,24,3,256,218,148,88,0,4,0,0.890,0.890,414.94,1.484,540.83
axi_rd_port,xcvu33p-fsvh2104-2L-e,1,3.3,3.333,0.717,512,16,48,24,3,256,550,148,287,0,4,0,-1.947,1.451,540.83,-1.947,189.39
axi_rd_port,xcvu33p-fsvh2104-2L-e,0,3.3,3.333,0.717,512,16,48,24,3,256,528,148,225,0,4,0,0.078,0.078,310.37,,
axi_rd_port,xcvu33p-fsvh2104-2L-e,1,3.3,3.333,-1,512,16,48,24,3,256,550,148,287,0,4,0,-0.773,1.942,736.38,-0.773,243.55
axi_rd_port,xcvu33p-fsvh2104-2L-e,1,3.3,3.333,0.717,512,2,48,24,3,256,549,148,284,0,4,0,-1.642,1.451,540.83,-1.642,201.01
axi_rd_port,xcvu33p-fsvh2104-2L-e,0,3.3,3.333,0.717,512,2,48,24,3,256,526,148,222,0,4,0,-0.006,-0.006,302.48,,
matvec_int4,xcvu33p-fsvh2104-2L-e,1,3.3,3.333,0.717,512,16,48,24,3,256,136674,5090,61263,1584,145.5,0,-1.944,-1.208,221.83,-1.944,189.50
matvec_int4,xcvu33p-fsvh2104-2L-e,1,3.3,3.333,0.717,512,16,48,24,3,256,136674,5090,61263,1584,145.5,0,-1.944,-1.208,221.83,-1.944,189.50
axi_rd_port,xcvu33p-fsvh2104-2L-e,1,3.3,5.3,0.717,512,16,48,24,3,256,544,148,287,0,4,0,0.020,1.451,540.83,0.020,189.39
matvec_int4_desc_axi,xcvu33p-fsvh2104-2L-e,1,3.3,3.333,0.717,512,16,48,24,3,256,139141,5238,64265,1585,192.5,0,-4.166,-4.166,133.94,-1.917,190.48
