op,tensor,gmin,gmax,grms,absqmax
0,blk.0.attn_norm.weight,0.93603515625,1.302734375,1.0337151579786206,5336
1,blk.0.post_attention_norm.weight,0.00390625,1.078125,0.8889070170129152,4416
2,blk.1.attn_norm.weight,0.44140625,1.515625,1.0541883814002966,6208
3,blk.1.post_attention_norm.weight,0.00390625,1.1513671875,0.9090049435239398,4716
4,blk.2.attn_norm.weight,0.40234375,1.427734375,1.0883481660869712,5848
5,blk.2.post_attention_norm.weight,0.00390625,1.1640625,0.8775283014478676,4768
6,blk.3.attn_norm.weight,0.7578125,1.8125,1.1963235842626732,7424
7,blk.3.post_attention_norm.weight,0.00390625,1.11669921875,0.9295499837362604,4574
8,blk.4.attn_norm.weight,0.4765625,1.5859375,1.1423038417627358,6496
9,blk.4.post_attention_norm.weight,0.26171875,1.326171875,0.9327949476114068,5432
10,blk.5.attn_norm.weight,0.591796875,1.498046875,1.1207547659869095,6136
11,blk.5.post_attention_norm.weight,0.3515625,1.341796875,0.9549863161893009,5496
12,blk.6.attn_norm.weight,0.46484375,1.43359375,1.075337425438939,5872
13,blk.6.post_attention_norm.weight,0.580078125,1.224609375,0.940232816559387,5016
14,blk.7.attn_norm.weight,0.375,1.77734375,1.0231406347607637,7280
15,blk.7.post_attention_norm.weight,0.15625,1.283203125,0.9884404795737907,5256
16,blk.8.attn_norm.weight,0.20703125,1.421875,1.1130033531167722,5824
17,blk.8.post_attention_norm.weight,0.14453125,1.251953125,0.979050469078742,5128
18,blk.9.attn_norm.weight,0.19140625,1.52734375,1.1064424258089296,6256
19,blk.9.post_attention_norm.weight,0.15234375,1.2080078125,0.9907385334872295,4948
20,blk.10.attn_norm.weight,0.18359375,1.42578125,1.0755338462228916,5840
21,blk.10.post_attention_norm.weight,0.17578125,1.37890625,0.9804692290009129,5648
22,blk.11.attn_norm.weight,0.21875,1.8359375,0.9918154399407939,7520
23,blk.11.post_attention_norm.weight,0.1875,1.279296875,1.012459194309934,5240
24,blk.12.attn_norm.weight,0.234375,1.578125,1.0771652291580205,6464
25,blk.12.post_attention_norm.weight,0.21875,1.44140625,0.9978056373371718,5904
26,blk.13.attn_norm.weight,0.26171875,1.5859375,1.1175583960671598,6496
27,blk.13.post_attention_norm.weight,0.234375,1.43359375,0.995735130605921,5872
28,blk.14.attn_norm.weight,0.28515625,1.62109375,1.0766675004979218,6640
29,blk.14.post_attention_norm.weight,0.22265625,1.546875,0.9773616261385054,6336
30,blk.15.attn_norm.weight,0.23046875,1.78515625,1.0132479030144417,7312
31,blk.15.post_attention_norm.weight,0.28125,1.59375,1.0047676532040404,6528
32,blk.16.attn_norm.weight,0.2890625,1.57421875,1.0783180291251953,6448
33,blk.16.post_attention_norm.weight,0.33984375,1.498046875,0.9835614869705978,6136
34,blk.17.attn_norm.weight,0.33984375,1.5390625,1.1110948542581336,6304
35,blk.17.post_attention_norm.weight,0.49609375,1.392578125,0.9710266974891398,5704
36,blk.18.attn_norm.weight,0.42578125,1.45703125,1.074115298045837,5968
37,blk.18.post_attention_norm.weight,0.716796875,1.306640625,0.9710491042237904,5352
38,blk.19.attn_norm.weight,0.4296875,1.40625,1.0263645434581425,5760
39,blk.19.post_attention_norm.weight,0.5,1.3515625,1.01784462205922,5536
40,blk.20.attn_norm.weight,0.4921875,1.4453125,1.1558903144258583,5920
41,blk.20.post_attention_norm.weight,0.4375,1.466796875,1.0470201247532414,6008
42,blk.21.attn_norm.weight,0.662109375,1.515625,1.1472165297281163,6208
43,blk.21.post_attention_norm.weight,0.4609375,1.4765625,1.0628716317793296,6048
44,blk.22.attn_norm.weight,0.568359375,1.5859375,1.1411701802088814,6496
45,blk.22.post_attention_norm.weight,0.60546875,1.59765625,1.122061061085733,6544
46,blk.23.attn_norm.weight,0.744140625,1.60546875,1.0347651439842107,6576
47,blk.23.post_attention_norm.weight,0.50390625,1.4375,1.1186523587165733,5888
48,blk.24.attn_norm.weight,0.720703125,1.8046875,1.167118017445629,7392
49,blk.24.post_attention_norm.weight,0.4921875,1.4921875,1.1638843457244532,6112
50,blk.25.attn_norm.weight,0.830078125,2.046875,1.1891502639418254,8384
51,blk.25.post_attention_norm.weight,0.5234375,1.65625,1.2231939610364615,6784
52,blk.26.attn_norm.weight,0.79296875,2.078125,1.1911359645346216,8512
53,blk.26.post_attention_norm.weight,0.5859375,1.73828125,1.282831605653695,7120
54,blk.27.attn_norm.weight,0.712890625,1.94140625,1.0943983296796709,7952
55,blk.27.post_attention_norm.weight,0.59375,1.70703125,1.2802562694078152,6992
56,blk.28.attn_norm.weight,0.8525390625,2.40625,1.239664067122521,9856
57,blk.28.post_attention_norm.weight,0.6171875,1.66015625,1.2959346470744457,6800
58,blk.29.attn_norm.weight,0.7822265625,2.21875,1.1669173900087106,9088
59,blk.29.post_attention_norm.weight,0.7265625,1.57421875,1.3262207634865297,6448
60,blk.30.attn_norm.weight,1.0003852844238281,2.109375,1.1523219092209835,8640
61,blk.30.post_attention_norm.weight,0.8046875,1.625,1.2888966626393121,6656
62,blk.31.attn_norm.weight,0.904296875,2.171875,1.1389576604990586,8896
63,blk.31.post_attention_norm.weight,0.87841796875,1.58984375,1.2137272742115224,6512
64,output_norm.weight,0.77734375,2.9921875,2.1444873678409295,12256
