# gdn_conv measured cycle counts, start -> o_done, 2026-08-26.
# tb_gdn_conv_cycles (synthetic data, sweeps nch) and tb_gdn_conv (the
# bit-exact vector set, nch = CH_MAX only; its 128 cases per LANES all
# measure the SAME count, so the cycle count is data-independent).
# model: cycles = 2*groups + 16 + max(1, log2(LANES)), exact on all 136 points.
lanes,ch_max,nch,groups,cycles,source
1,256,1,1,19,tb_gdn_conv_cycles
1,256,2,2,21,tb_gdn_conv_cycles
1,256,3,3,23,tb_gdn_conv_cycles
1,256,4,4,25,tb_gdn_conv_cycles
1,256,5,5,27,tb_gdn_conv_cycles
1,256,8,8,33,tb_gdn_conv_cycles
1,256,13,13,43,tb_gdn_conv_cycles
1,256,16,16,49,tb_gdn_conv_cycles
1,256,32,32,81,tb_gdn_conv_cycles
1,256,64,64,145,tb_gdn_conv_cycles
1,256,128,128,273,tb_gdn_conv_cycles
1,256,192,192,401,tb_gdn_conv_cycles
1,256,256,256,529,tb_gdn_conv_cycles
2,256,2,1,19,tb_gdn_conv_cycles
2,256,4,2,21,tb_gdn_conv_cycles
2,256,6,3,23,tb_gdn_conv_cycles
2,256,8,4,25,tb_gdn_conv_cycles
2,256,10,5,27,tb_gdn_conv_cycles
2,256,16,8,33,tb_gdn_conv_cycles
2,256,26,13,43,tb_gdn_conv_cycles
2,256,32,16,49,tb_gdn_conv_cycles
2,256,64,32,81,tb_gdn_conv_cycles
2,256,128,64,145,tb_gdn_conv_cycles
2,256,256,128,273,tb_gdn_conv_cycles
4,256,4,1,20,tb_gdn_conv_cycles
4,256,8,2,22,tb_gdn_conv_cycles
4,256,12,3,24,tb_gdn_conv_cycles
4,256,16,4,26,tb_gdn_conv_cycles
4,256,20,5,28,tb_gdn_conv_cycles
4,256,32,8,34,tb_gdn_conv_cycles
4,256,52,13,44,tb_gdn_conv_cycles
4,256,64,16,50,tb_gdn_conv_cycles
4,256,128,32,82,tb_gdn_conv_cycles
4,256,256,64,146,tb_gdn_conv_cycles
4,1024,4,1,20,tb_gdn_conv_cycles
4,1024,8,2,22,tb_gdn_conv_cycles
4,1024,12,3,24,tb_gdn_conv_cycles
4,1024,16,4,26,tb_gdn_conv_cycles
4,1024,20,5,28,tb_gdn_conv_cycles
4,1024,32,8,34,tb_gdn_conv_cycles
4,1024,52,13,44,tb_gdn_conv_cycles
4,1024,64,16,50,tb_gdn_conv_cycles
4,1024,128,32,82,tb_gdn_conv_cycles
4,1024,256,64,146,tb_gdn_conv_cycles
4,1024,512,128,274,tb_gdn_conv_cycles
4,1024,768,192,402,tb_gdn_conv_cycles
4,1024,1024,256,530,tb_gdn_conv_cycles
4,3072,4,1,20,tb_gdn_conv_cycles
4,3072,8,2,22,tb_gdn_conv_cycles
4,3072,12,3,24,tb_gdn_conv_cycles
4,3072,16,4,26,tb_gdn_conv_cycles
4,3072,20,5,28,tb_gdn_conv_cycles
4,3072,32,8,34,tb_gdn_conv_cycles
4,3072,52,13,44,tb_gdn_conv_cycles
4,3072,64,16,50,tb_gdn_conv_cycles
4,3072,128,32,82,tb_gdn_conv_cycles
4,3072,256,64,146,tb_gdn_conv_cycles
4,3072,512,128,274,tb_gdn_conv_cycles
4,3072,768,192,402,tb_gdn_conv_cycles
4,3072,1024,256,530,tb_gdn_conv_cycles
4,3072,1536,384,786,tb_gdn_conv_cycles
4,3072,3072,768,1554,tb_gdn_conv_cycles
8,256,8,1,21,tb_gdn_conv_cycles
8,256,16,2,23,tb_gdn_conv_cycles
8,256,24,3,25,tb_gdn_conv_cycles
8,256,32,4,27,tb_gdn_conv_cycles
8,256,40,5,29,tb_gdn_conv_cycles
8,256,64,8,35,tb_gdn_conv_cycles
8,256,104,13,45,tb_gdn_conv_cycles
8,256,128,16,51,tb_gdn_conv_cycles
8,256,256,32,83,tb_gdn_conv_cycles
8,1024,8,1,21,tb_gdn_conv_cycles
8,1024,16,2,23,tb_gdn_conv_cycles
8,1024,24,3,25,tb_gdn_conv_cycles
8,1024,32,4,27,tb_gdn_conv_cycles
8,1024,40,5,29,tb_gdn_conv_cycles
8,1024,64,8,35,tb_gdn_conv_cycles
8,1024,104,13,45,tb_gdn_conv_cycles
8,1024,128,16,51,tb_gdn_conv_cycles
8,1024,256,32,83,tb_gdn_conv_cycles
8,1024,512,64,147,tb_gdn_conv_cycles
8,1024,1024,128,275,tb_gdn_conv_cycles
8,3072,8,1,21,tb_gdn_conv_cycles
8,3072,16,2,23,tb_gdn_conv_cycles
8,3072,24,3,25,tb_gdn_conv_cycles
8,3072,32,4,27,tb_gdn_conv_cycles
8,3072,40,5,29,tb_gdn_conv_cycles
8,3072,64,8,35,tb_gdn_conv_cycles
8,3072,104,13,45,tb_gdn_conv_cycles
8,3072,128,16,51,tb_gdn_conv_cycles
8,3072,256,32,83,tb_gdn_conv_cycles
8,3072,512,64,147,tb_gdn_conv_cycles
8,3072,1024,128,275,tb_gdn_conv_cycles
8,3072,1536,192,403,tb_gdn_conv_cycles
8,3072,2048,256,531,tb_gdn_conv_cycles
8,3072,3072,384,787,tb_gdn_conv_cycles
16,256,16,1,22,tb_gdn_conv_cycles
16,256,32,2,24,tb_gdn_conv_cycles
16,256,48,3,26,tb_gdn_conv_cycles
16,256,64,4,28,tb_gdn_conv_cycles
16,256,80,5,30,tb_gdn_conv_cycles
16,256,128,8,36,tb_gdn_conv_cycles
16,256,208,13,46,tb_gdn_conv_cycles
16,256,256,16,52,tb_gdn_conv_cycles
16,3072,16,1,22,tb_gdn_conv_cycles
16,3072,32,2,24,tb_gdn_conv_cycles
16,3072,48,3,26,tb_gdn_conv_cycles
16,3072,64,4,28,tb_gdn_conv_cycles
16,3072,80,5,30,tb_gdn_conv_cycles
16,3072,128,8,36,tb_gdn_conv_cycles
16,3072,208,13,46,tb_gdn_conv_cycles
16,3072,256,16,52,tb_gdn_conv_cycles
16,3072,512,32,84,tb_gdn_conv_cycles
16,3072,1024,64,148,tb_gdn_conv_cycles
16,3072,2048,128,276,tb_gdn_conv_cycles
16,3072,3072,192,404,tb_gdn_conv_cycles
32,256,32,1,23,tb_gdn_conv_cycles
32,256,64,2,25,tb_gdn_conv_cycles
32,256,96,3,27,tb_gdn_conv_cycles
32,256,128,4,29,tb_gdn_conv_cycles
32,256,160,5,31,tb_gdn_conv_cycles
32,256,256,8,37,tb_gdn_conv_cycles
32,3072,32,1,23,tb_gdn_conv_cycles
32,3072,64,2,25,tb_gdn_conv_cycles
32,3072,96,3,27,tb_gdn_conv_cycles
32,3072,128,4,29,tb_gdn_conv_cycles
32,3072,160,5,31,tb_gdn_conv_cycles
32,3072,256,8,37,tb_gdn_conv_cycles
32,3072,416,13,47,tb_gdn_conv_cycles
32,3072,512,16,53,tb_gdn_conv_cycles
32,3072,1024,32,85,tb_gdn_conv_cycles
32,3072,2048,64,149,tb_gdn_conv_cycles
64,256,64,1,24,tb_gdn_conv_cycles
64,256,128,2,26,tb_gdn_conv_cycles
64,256,192,3,28,tb_gdn_conv_cycles
64,256,256,4,30,tb_gdn_conv_cycles
4,256,256,64,146,tb_gdn_conv
8,256,256,32,83,tb_gdn_conv
16,256,256,16,52,tb_gdn_conv
32,256,256,8,37,tb_gdn_conv
