tag,top,part_opened,part_analysed,period_ns,volt,dsp,lut,ff,bram,carry8,wns_ns,fmax_mhz
l2norm_rs_v0.717_N128_LANES1,l2norm_rs,xcvu33p-fsvh2104-2L-e,xcvu33p-fsvh2104-2L-e,3.333,default,21,7143,4650,0,106,0.000,300.03000300030004
l2norm_rs_v0.717_N128_LANES1,l2norm_rs,xcvu33p-fsvh2104-2L-e,xcvu33p-fsvh2104-2L-e,3.333,0.717,21,7143,4650,0,106,-1.120,224.56770716370985
l2norm_rs_v0.717_N128_LANES2,l2norm_rs,xcvu33p-fsvh2104-2L-e,xcvu33p-fsvh2104-2L-e,3.333,default,26,8813,4694,0,138,0.000,300.03000300030004
l2norm_rs_v0.717_N128_LANES2,l2norm_rs,xcvu33p-fsvh2104-2L-e,xcvu33p-fsvh2104-2L-e,3.333,0.717,26,8813,4694,0,138,-1.120,224.56770716370985
l2norm_rs_v0.717_N128_LANES4,l2norm_rs,xcvu33p-fsvh2104-2L-e,xcvu33p-fsvh2104-2L-e,3.333,default,36,16497,4796,0,214,-0.166,285.7959416976279
l2norm_rs_v0.717_N128_LANES4,l2norm_rs,xcvu33p-fsvh2104-2L-e,xcvu33p-fsvh2104-2L-e,3.333,0.717,36,16497,4796,0,214,-1.336,214.17862497322764
rmsnorm_rs_v0.717_N256_LANES1,rmsnorm_rs,xcvu33p-fsvh2104-2L-e,xcvu33p-fsvh2104-2L-e,3.322,default,22,11046,5413,0,141,-0.003,300.7518796992481
rmsnorm_rs_v0.717_N256_LANES1,rmsnorm_rs,xcvu33p-fsvh2104-2L-e,xcvu33p-fsvh2104-2L-e,3.322,0.717,22,11046,5413,0,141,-1.131,224.56770716370985
rmsnorm_rs_v0.717_N256_LANES2,rmsnorm_rs,xcvu33p-fsvh2104-2L-e,xcvu33p-fsvh2104-2L-e,3.322,default,28,11769,5574,0,177,-0.226,281.8489289740699
rmsnorm_rs_v0.717_N256_LANES2,rmsnorm_rs,xcvu33p-fsvh2104-2L-e,xcvu33p-fsvh2104-2L-e,3.322,0.717,28,11769,5574,0,177,-1.407,211.4611968703743
rmsnorm_rs_v0.717_N256_LANES4,rmsnorm_rs,xcvu33p-fsvh2104-2L-e,xcvu33p-fsvh2104-2L-e,3.322,default,40,13499,5857,0,252,-0.226,281.8489289740699
rmsnorm_rs_v0.717_N256_LANES4,rmsnorm_rs,xcvu33p-fsvh2104-2L-e,xcvu33p-fsvh2104-2L-e,3.322,0.717,40,13499,5857,0,252,-1.407,211.4611968703743
micro_rmsn_lanes_v0.717_LANES1,micro_rmsn_lanes,xcvu33p-fsvh2104-2L-e,xcvu33p-fsvh2104-2L-e,3.333,default,18,385,248,0,35,-0.253,278.8622420524261
micro_rmsn_lanes_v0.717_LANES1,micro_rmsn_lanes,xcvu33p-fsvh2104-2L-e,xcvu33p-fsvh2104-2L-e,3.333,0.717,18,385,248,0,35,-1.647,200.80321285140562
micro_rmsn_lanes_v0.717_LANES2,micro_rmsn_lanes,xcvu33p-fsvh2104-2L-e,xcvu33p-fsvh2104-2L-e,3.333,default,24,480,312,0,39,-0.253,278.8622420524261
micro_rmsn_lanes_v0.717_LANES2,micro_rmsn_lanes,xcvu33p-fsvh2104-2L-e,xcvu33p-fsvh2104-2L-e,3.333,0.717,24,480,312,0,39,-1.647,200.80321285140562
micro_rmsn_lanes_v0.717_LANES4,micro_rmsn_lanes,xcvu33p-fsvh2104-2L-e,xcvu33p-fsvh2104-2L-e,3.333,default,36,554,440,0,47,-0.253,278.8622420524261
micro_rmsn_lanes_v0.717_LANES4,micro_rmsn_lanes,xcvu33p-fsvh2104-2L-e,xcvu33p-fsvh2104-2L-e,3.333,0.717,36,554,440,0,47,-1.647,200.80321285140562
micro_rmsn_lanes_v0.717_LANES8,micro_rmsn_lanes,xcvu33p-fsvh2104-2L-e,xcvu33p-fsvh2104-2L-e,3.333,default,60,756,696,0,63,-1.644,200.92425155716293
micro_rmsn_lanes_v0.717_LANES8,micro_rmsn_lanes,xcvu33p-fsvh2104-2L-e,xcvu33p-fsvh2104-2L-e,3.333,0.717,60,756,696,0,63,-3.295,150.8750754375377
l2norm_rs_v0.717_N128_LANES4,l2norm_rs,xcvu33p-fsvh2104-2L-e,xcvu33p-fsvh2104-2L-e,3.333,default,36,16497,4796,0,214,-0.166,285.7959416976279
l2norm_rs_v0.717_N128_LANES4,l2norm_rs,xcvu33p-fsvh2104-2L-e,xcvu33p-fsvh2104-2L-e,3.333,0.717,36,16497,4796,0,214,-1.336,214.17862497322764
micro_rmsn_lanes_v0.717_LANES4,micro_rmsn_lanes,xcvu33p-fsvh2104-2L-e,xcvu33p-fsvh2104-2L-e,3.333,default,36,554,440,0,47,-0.253,278.8622420524261
micro_rmsn_lanes_v0.717_LANES4,micro_rmsn_lanes,xcvu33p-fsvh2104-2L-e,xcvu33p-fsvh2104-2L-e,3.333,0.717,36,554,440,0,47,-1.647,200.80321285140562
