wallclock,elapsed_s,trips,die_c,hbm_code,halted,canary
19:49:55,0,6,35.3,36,no,6266536
19:50:25,30,12,37.8,37,no,6277752
19:50:55,60,21,36.3,37,no,6288854
19:51:26,91,25,36.8,36,no,6300146
19:51:56,121,28,36.3,36,no,6311474
19:52:26,151,34,35.8,36,no,6322688
19:52:56,181,34,35.8,36,no,6334126
19:53:26,211,34,36.3,36,no,6345565
19:53:56,241,34,36.8,36,no,6357003
19:54:26,271,34,37.3,36,no,6368454
19:54:56,301,34,34.8,36,no,6379898
19:55:26,331,34,36.8,36,no,6391339
19:55:56,361,34,35.8,36,no,6402780
19:56:26,391,34,36.3,36,no,6414224
19:56:56,421,34,35.8,36,no,6425673
19:57:26,451,34,35.3,36,no,6437121
19:57:56,481,34,35.8,36,no,6448569
19:58:26,511,34,35.8,36,no,6460009
19:58:56,541,34,36.3,36,no,6471449
19:59:26,571,34,35.3,36,no,6482889
19:59:56,601,34,36.8,36,no,6494328
20:00:26,631,34,36.3,36,no,6505764
20:00:57,661,34,35.3,36,no,6517204
20:01:27,692,34,36.3,36,no,6528650
20:01:57,722,34,35.3,36,no,6540092
20:02:27,752,34,34.8,36,no,6551537
20:02:57,782,34,35.8,36,no,6562982
20:03:27,812,41,35.3,36,no,6574161
20:03:57,842,61,35.3,36,no,6584804
20:04:27,872,92,36.3,36,no,6595027
20:04:57,902,98,35.8,35,no,6606235
20:05:27,932,100,35.8,36,no,6617600
20:05:57,962,100,36.3,36,no,6629037
20:06:27,992,100,34.8,36,no,6640478
20:06:57,1022,100,35.3,36,no,6651924
20:07:27,1052,100,35.8,36,no,6663363
20:07:57,1082,100,35.8,36,no,6674808
20:08:27,1112,100,36.8,36,no,6686244
20:08:57,1142,100,35.3,36,no,6697688
20:09:27,1172,100,35.3,36,no,6709126
SAMPLER DONE
