tag,part,rows_if,blk,lut,lut_as_logic,lut_as_mem,dist_ram,shift_reg,ff,bram36,dsp,muxf7,muxf8,fdre,ram_cells,srl,wns_ns
v_regs_r4,xcvu33p-fsvh2104-2L-e,4,32,11553,11129,424,296,128,5765,18.5,132,0,0,0,0,0,-0.544
v_dist_r4,xcvu33p-fsvh2104-2L-e,4,32,7827,6379,1448,1320,128,6865,18.5,132,0,0,0,0,0,-0.524
v_distlit_r4,xcvu33p-fsvh2104-2L-e,4,32,7827,6379,1448,1320,128,6865,18.5,132,0,0,0,0,0,-0.524
v_dist_noattr_r4,xcvu33p-fsvh2104-2L-e,4,32,7827,6379,1448,1320,128,6865,18.5,132,0,0,0,0,0,-0.524
v_distlit_nodt_r4,xcvu33p-fsvh2104-2L-e,4,32,7827,6379,1448,1320,128,6865,18.5,132,0,0,0,0,0,-0.524
v_regs_noattr_r4,xcvu33p-fsvh2104-2L-e,4,32,11553,11129,424,296,128,5765,18.5,132,0,0,0,0,0,-0.544
v_regs_rep_r4,xcvu33p-fsvh2104-2L-e,4,32,11553,11129,424,296,128,5765,18.5,132,0,0,0,0,0,-0.544
v_regs_r16,xcvu33p-fsvh2104-2L-e,16,32,40367,39753,614,296,318,20627,28.5,528,0,0,0,0,0,0.499
v_dist_r16,xcvu33p-fsvh2104-2L-e,16,32,27029,22319,4710,4392,318,25031,28.5,528,0,0,0,0,0,0.543
