part,period_ns,rows_if,dsp,lut,ff,bram,wns_ns,fmax_mhz
xcvu33p-fsvh2104-2-e,3.333,4,192,9187,3750,18.5,-0.422,266.31158455392807
xcvu33p-fsvh2104-2-e,3.333,8,384,16845,6536,28.5,0.131,312.3048094940662
xcvu33p-fsvh2104-2-e,3.333,16,748,31292,12492,28.5,0.271,326.5839320705421
xcvu33p-fsvh2104-2-e,3.333,32,1496,61413,23855,28.5,0.185,317.66200762388814
xcvu33p-fsvh2104-2-e,3.333,48,2198,94791,36195,21.5,-0.289,276.09055770292656
xcvu33p-fsvh2104-2-e,3.333,56,2612,110410,41070,25,-0.141,287.85261945883707
xcvu33p-fsvh2104-2-e,3.333,0,16,0,122239,40595,28.5,0.210,320.2049311559398
xcvu33p-fsvh2104-2-e,3.333,0,32,0,257733,80092,28.5,0.211,320.30749519538756
xcvu33p-fsvh2104-2-e,3.333,2880,64,2665,153181,57601,28.5,-0.556,257.13551041398813
xcvu33p-fsvh2104-2-e,3.333,2880,80,1990,350408,118663,36,-0.091,292.0560747663551
